word,year,count_year,count_other,tokens_year,tokens_other,freq_year_per1k,freq_other_per1k,G2,direction,p_label,significant
address,2020,77,337,77164,307077,0.9979,1.0974,0.578,-,not significant,False
american,2020,156,440,77164,307077,2.0217,1.4329,12.886,+,p < 0.001,True
analysis,2020,73,541,77164,307077,0.946,1.7618,29.066,-,p < 0.0001,True
approach,2020,89,366,77164,307077,1.1534,1.1919,0.078,-,not significant,False
architect,2020,117,399,77164,307077,1.5163,1.2993,2.095,+,not significant,False
architects,2020,160,496,77164,307077,2.0735,1.6152,7.222,+,p < 0.01,True
architectural,2020,335,1581,77164,307077,4.3414,5.1485,8.337,-,p < 0.01,True
architecture,2020,1515,4936,77164,307077,19.6335,16.0741,44.732,+,p < 0.0001,True
art,2020,115,296,77164,307077,1.4903,0.9639,14.681,+,p < 0.001,True
assistant,2020,111,435,77164,307077,1.4385,1.4166,0.021,+,not significant,False
associate,2020,127,380,77164,307077,1.6458,1.2375,7.369,+,p < 0.01,True
building,2020,319,1487,77164,307077,4.1341,4.8424,6.796,-,p < 0.01,True
buildings,2020,109,467,77164,307077,1.4126,1.5208,0.489,-,not significant,False
built,2020,190,645,77164,307077,2.4623,2.1005,3.6,+,not significant,False
carbon,2020,157,512,77164,307077,2.0346,1.6673,4.594,+,p < 0.05,True
center,2020,293,572,77164,307077,3.7971,1.8627,89.654,+,p < 0.0001,True
challenges,2020,129,417,77164,307077,1.6718,1.358,4.101,+,p < 0.05,True
change,2020,717,1489,77164,307077,9.2919,4.8489,187.439,+,p < 0.0001,True
cities,2020,164,425,77164,307077,2.1253,1.384,20.342,+,p < 0.0001,True
city,2020,260,799,77164,307077,3.3694,2.602,12.526,+,p < 0.001,True
climate,2020,950,2901,77164,307077,12.3114,9.4471,47.918,+,p < 0.0001,True
communities,2020,119,481,77164,307077,1.5422,1.5664,0.023,-,not significant,False
community,2020,185,1131,77164,307077,2.3975,3.6831,32.431,-,p < 0.0001,True
conditions,2020,68,374,77164,307077,0.8812,1.2179,6.485,-,p < 0.05,True
construction,2020,100,616,77164,307077,1.2959,2.006,18.211,-,p < 0.0001,True
context,2020,81,407,77164,307077,1.0497,1.3254,3.867,-,p < 0.05,True
critical,2020,155,500,77164,307077,2.0087,1.6283,5.024,+,p < 0.05,True
cultural,2020,123,569,77164,307077,1.594,1.853,2.366,-,not significant,False
current,2020,87,311,77164,307077,1.1275,1.0128,0.767,+,not significant,False
data,2020,81,375,77164,307077,1.0497,1.2212,1.575,-,not significant,False
design,2020,1310,5505,77164,307077,16.9768,17.9271,3.174,-,not significant,False
develop,2020,154,525,77164,307077,1.9957,1.7097,2.77,+,not significant,False
development,2020,431,1563,77164,307077,5.5855,5.0899,2.865,+,not significant,False
ecological,2020,117,505,77164,307077,1.5163,1.6445,0.637,-,not significant,False
economic,2020,95,346,77164,307077,1.2311,1.1268,0.575,+,not significant,False
energy,2020,229,965,77164,307077,2.9677,3.1425,0.614,-,not significant,False
environment,2020,277,869,77164,307077,3.5898,2.8299,11.391,+,p < 0.001,True
environmental,2020,390,1746,77164,307077,5.0542,5.6859,4.532,-,p < 0.05,True
experience,2020,85,463,77164,307077,1.1015,1.5078,7.598,-,p < 0.01,True
future,2020,149,715,77164,307077,1.931,2.3284,4.498,-,p < 0.05,True
global,2020,203,558,77164,307077,2.6308,1.8171,19.176,+,p < 0.0001,True
health,2020,59,396,77164,307077,0.7646,1.2896,15.932,-,p < 0.0001,True
history,2020,192,430,77164,307077,2.4882,1.4003,40.393,+,p < 0.0001,True
housing,2020,108,429,77164,307077,1.3996,1.397,0.0,+,not significant,False
human,2020,125,507,77164,307077,1.6199,1.6511,0.036,-,not significant,False
impact,2020,129,427,77164,307077,1.6718,1.3905,3.25,+,not significant,False
include,2020,88,336,77164,307077,1.1404,1.0942,0.119,+,not significant,False
including,2020,119,496,77164,307077,1.5422,1.6152,0.208,-,not significant,False
infrastructure,2020,220,515,77164,307077,2.8511,1.6771,40.123,+,p < 0.0001,True
issues,2020,178,393,77164,307077,2.3068,1.2798,39.11,+,p < 0.0001,True
justice,2020,69,559,77164,307077,0.8942,1.8204,37.272,-,p < 0.0001,True
knowledge,2020,132,379,77164,307077,1.7106,1.2342,9.873,+,p < 0.01,True
landscape,2020,203,562,77164,307077,2.6308,1.8302,18.495,+,p < 0.0001,True
learning,2020,80,509,77164,307077,1.0368,1.6576,17.031,-,p < 0.0001,True
level,2020,121,282,77164,307077,1.5681,0.9183,22.398,+,p < 0.0001,True
life,2020,82,358,77164,307077,1.0627,1.1658,0.584,-,not significant,False
local,2020,98,460,77164,307077,1.27,1.498,2.281,-,not significant,False
master,2020,95,350,77164,307077,1.2311,1.1398,0.438,+,not significant,False
material,2020,203,963,77164,307077,2.6308,3.136,5.374,-,p < 0.05,True
materials,2020,118,624,77164,307077,1.5292,2.0321,8.548,-,p < 0.01,True
methods,2020,79,364,77164,307077,1.0238,1.1854,1.438,-,not significant,False
module,2020,46,378,77164,307077,0.5961,1.231,26.006,-,p < 0.0001,True
national,2020,107,296,77164,307077,1.3867,0.9639,9.787,+,p < 0.01,True
natural,2020,110,330,77164,307077,1.4255,1.0746,6.272,+,p < 0.05,True
nature,2020,121,278,77164,307077,1.5681,0.9053,23.478,+,p < 0.0001,True
performance,2020,54,441,77164,307077,0.6998,1.4361,29.931,-,p < 0.0001,True
plan,2020,90,341,77164,307077,1.1663,1.1105,0.17,+,not significant,False
planning,2020,169,591,77164,307077,2.1901,1.9246,2.143,+,not significant,False
practice,2020,158,702,77164,307077,2.0476,2.2861,1.602,-,not significant,False
practices,2020,78,365,77164,307077,1.0108,1.1886,1.747,-,not significant,False
process,2020,91,340,77164,307077,1.1793,1.1072,0.282,+,not significant,False
professional,2020,98,405,77164,307077,1.27,1.3189,0.113,-,not significant,False
project,2020,243,993,77164,307077,3.1491,3.2337,0.138,-,not significant,False
projects,2020,156,681,77164,307077,2.0217,2.2177,1.108,-,not significant,False
public,2020,194,678,77164,307077,2.5141,2.2079,2.483,+,not significant,False
resilience,2020,94,358,77164,307077,1.2182,1.1658,0.142,+,not significant,False
resources,2020,99,362,77164,307077,1.283,1.1789,0.548,+,not significant,False
scale,2020,98,444,77164,307077,1.27,1.4459,1.388,-,not significant,False
science,2020,125,398,77164,307077,1.6199,1.2961,4.547,+,p < 0.05,True
site,2020,105,768,77164,307077,1.3607,2.501,39.841,-,p < 0.0001,True
social,2020,193,1110,77164,307077,2.5012,3.6147,24.277,-,p < 0.0001,True
society,2020,184,518,77164,307077,2.3845,1.6869,15.354,+,p < 0.0001,True
space,2020,84,454,77164,307077,1.0886,1.4785,7.118,-,p < 0.01,True
spatial,2020,81,399,77164,307077,1.0497,1.2993,3.211,-,not significant,False
state,2020,121,478,77164,307077,1.5681,1.5566,0.005,+,not significant,False
strategies,2020,109,549,77164,307077,1.4126,1.7878,5.316,-,p < 0.05,True
study,2020,123,483,77164,307077,1.594,1.5729,0.017,+,not significant,False
sustainability,2020,170,587,77164,307077,2.2031,1.9116,2.586,+,not significant,False
sustainable,2020,184,748,77164,307077,2.3845,2.4359,0.067,-,not significant,False
systems,2020,210,993,77164,307077,2.7215,3.2337,5.35,-,p < 0.05,True
technology,2020,126,449,77164,307077,1.6329,1.4622,1.175,+,not significant,False
texas,2020,74,343,77164,307077,0.959,1.117,1.462,-,not significant,False
time,2020,122,444,77164,307077,1.581,1.4459,0.751,+,not significant,False
understanding,2020,111,414,77164,307077,1.4385,1.3482,0.363,+,not significant,False
urban,2020,369,1575,77164,307077,4.782,5.129,1.488,-,not significant,False
water,2020,153,453,77164,307077,1.9828,1.4752,9.506,+,p < 0.01,True
work,2020,366,1376,77164,307077,4.7431,4.481,0.925,+,not significant,False
world,2020,164,508,77164,307077,2.1253,1.6543,7.447,+,p < 0.01,True
year,2020,96,407,77164,307077,1.2441,1.3254,0.315,-,not significant,False
years,2020,110,335,77164,307077,1.4255,1.0909,5.656,+,p < 0.05,True
address,2021,80,334,67645,316596,1.1826,1.055,0.823,+,not significant,False
american,2021,108,488,67645,316596,1.5966,1.5414,0.109,+,not significant,False
analysis,2021,137,477,67645,316596,2.0253,1.5067,8.805,+,p < 0.01,True
approach,2021,79,376,67645,316596,1.1679,1.1876,0.018,-,not significant,False
architect,2021,69,447,67645,316596,1.02,1.4119,6.835,-,p < 0.01,True
architects,2021,131,525,67645,316596,1.9366,1.6583,2.446,+,not significant,False
architectural,2021,265,1651,67645,316596,3.9175,5.2148,20.007,-,p < 0.0001,True
architecture,2021,1113,5338,67645,316596,16.4535,16.8606,0.553,-,not significant,False
art,2021,96,315,67645,316596,1.4192,0.995,8.691,+,p < 0.01,True
assistant,2021,94,452,67645,316596,1.3896,1.4277,0.057,-,not significant,False
associate,2021,81,426,67645,316596,1.1974,1.3456,0.951,-,not significant,False
building,2021,407,1399,67645,316596,6.0167,4.4189,28.335,+,p < 0.0001,True
buildings,2021,137,439,67645,316596,2.0253,1.3866,13.985,+,p < 0.001,True
built,2021,172,663,67645,316596,2.5427,2.0942,4.949,+,p < 0.05,True
carbon,2021,137,532,67645,316596,2.0253,1.6804,3.658,+,not significant,False
center,2021,123,742,67645,316596,1.8183,2.3437,7.218,-,p < 0.01,True
challenges,2021,94,452,67645,316596,1.3896,1.4277,0.057,-,not significant,False
change,2021,397,1809,67645,316596,5.8689,5.7139,0.232,+,not significant,False
cities,2021,96,493,67645,316596,1.4192,1.5572,0.707,-,not significant,False
city,2021,179,880,67645,316596,2.6462,2.7796,0.364,-,not significant,False
climate,2021,534,3317,67645,316596,7.8942,10.4771,39.432,-,p < 0.0001,True
communities,2021,96,504,67645,316596,1.4192,1.5919,1.092,-,not significant,False
community,2021,230,1086,67645,316596,3.4001,3.4302,0.015,-,not significant,False
conditions,2021,58,384,67645,316596,0.8574,1.2129,6.597,-,p < 0.05,True
construction,2021,101,615,67645,316596,1.4931,1.9425,6.394,-,p < 0.05,True
context,2021,63,425,67645,316596,0.9313,1.3424,8.021,-,p < 0.01,True
critical,2021,84,571,67645,316596,1.2418,1.8036,11.18,-,p < 0.001,True
cultural,2021,84,608,67645,316596,1.2418,1.9204,15.649,-,p < 0.0001,True
current,2021,103,295,67645,316596,1.5227,0.9318,16.925,+,p < 0.0001,True
data,2021,70,386,67645,316596,1.0348,1.2192,1.655,-,not significant,False
design,2021,1307,5508,67645,316596,19.3215,17.3976,11.371,+,p < 0.001,True
develop,2021,117,562,67645,316596,1.7296,1.7751,0.066,-,not significant,False
development,2021,328,1666,67645,316596,4.8488,5.2622,1.868,-,not significant,False
ecological,2021,77,545,67645,316596,1.1383,1.7214,12.794,-,p < 0.001,True
economic,2021,75,366,67645,316596,1.1087,1.156,0.11,-,not significant,False
energy,2021,329,865,67645,316596,4.8636,2.7322,72.141,+,p < 0.0001,True
environment,2021,263,883,67645,316596,3.8879,2.789,21.016,+,p < 0.0001,True
environmental,2021,337,1799,67645,316596,4.9819,5.6823,5.061,-,p < 0.05,True
experience,2021,78,470,67645,316596,1.1531,1.4845,4.534,-,p < 0.05,True
future,2021,164,700,67645,316596,2.4244,2.211,1.107,+,not significant,False
global,2021,119,642,67645,316596,1.7592,2.0278,2.094,-,not significant,False
health,2021,129,326,67645,316596,1.907,1.0297,31.819,+,p < 0.0001,True
history,2021,79,543,67645,316596,1.1679,1.7151,11.198,-,p < 0.001,True
housing,2021,96,441,67645,316596,1.4192,1.3929,0.027,+,not significant,False
human,2021,117,515,67645,316596,1.7296,1.6267,0.354,+,not significant,False
impact,2021,91,465,67645,316596,1.3453,1.4687,0.599,-,not significant,False
include,2021,73,351,67645,316596,1.0792,1.1087,0.044,-,not significant,False
including,2021,76,539,67645,316596,1.1235,1.7025,12.761,-,p < 0.001,True
infrastructure,2021,82,653,67645,316596,1.2122,2.0626,23.598,-,p < 0.0001,True
issues,2021,149,422,67645,316596,2.2027,1.3329,25.502,+,p < 0.0001,True
justice,2021,99,529,67645,316596,1.4635,1.6709,1.509,-,not significant,False
knowledge,2021,92,419,67645,316596,1.36,1.3235,0.056,+,not significant,False
landscape,2021,94,671,67645,316596,1.3896,2.1194,16.322,-,p < 0.0001,True
learning,2021,113,476,67645,316596,1.6705,1.5035,0.991,+,not significant,False
level,2021,71,332,67645,316596,1.0496,1.0487,0.0,+,not significant,False
life,2021,85,355,67645,316596,1.2566,1.1213,0.869,+,not significant,False
local,2021,72,486,67645,316596,1.0644,1.5351,9.199,-,p < 0.01,True
master,2021,59,386,67645,316596,0.8722,1.2192,6.228,-,p < 0.05,True
material,2021,133,1033,67645,316596,1.9661,3.2628,34.409,-,p < 0.0001,True
materials,2021,137,605,67645,316596,2.0253,1.911,0.373,+,not significant,False
methods,2021,87,356,67645,316596,1.2861,1.1245,1.227,+,not significant,False
module,2021,76,348,67645,316596,1.1235,1.0992,0.03,+,not significant,False
national,2021,67,336,67645,316596,0.9905,1.0613,0.271,-,not significant,False
natural,2021,91,349,67645,316596,1.3453,1.1024,2.751,+,not significant,False
nature,2021,85,314,67645,316596,1.2566,0.9918,3.576,+,not significant,False
performance,2021,118,377,67645,316596,1.7444,1.1908,12.221,+,p < 0.001,True
plan,2021,72,359,67645,316596,1.0644,1.1339,0.244,-,not significant,False
planning,2021,123,637,67645,316596,1.8183,2.012,1.081,-,not significant,False
practice,2021,169,691,67645,316596,2.4983,2.1826,2.411,+,not significant,False
practices,2021,66,377,67645,316596,0.9757,1.1908,2.335,-,not significant,False
process,2021,90,341,67645,316596,1.3305,1.0771,3.049,+,not significant,False
professional,2021,80,423,67645,316596,1.1826,1.3361,1.029,-,not significant,False
project,2021,200,1036,67645,316596,2.9566,3.2723,1.765,-,not significant,False
projects,2021,146,691,67645,316596,2.1583,2.1826,0.015,-,not significant,False
public,2021,105,767,67645,316596,1.5522,2.4226,20.468,-,p < 0.0001,True
resilience,2021,51,401,67645,316596,0.7539,1.2666,13.91,-,p < 0.001,True
resources,2021,102,359,67645,316596,1.5079,1.1339,6.11,+,p < 0.05,True
scale,2021,69,473,67645,316596,1.02,1.494,9.635,-,p < 0.01,True
science,2021,103,420,67645,316596,1.5227,1.3266,1.528,+,not significant,False
site,2021,122,751,67645,316596,1.8035,2.3721,8.413,-,p < 0.01,True
social,2021,257,1046,67645,316596,3.7992,3.3039,3.913,+,p < 0.05,True
society,2021,105,597,67645,316596,1.5522,1.8857,3.538,-,not significant,False
space,2021,69,469,67645,316596,1.02,1.4814,9.179,-,p < 0.01,True
spatial,2021,52,428,67645,316596,0.7687,1.3519,17.111,-,p < 0.0001,True
state,2021,110,489,67645,316596,1.6261,1.5446,0.235,+,not significant,False
strategies,2021,108,550,67645,316596,1.5966,1.7372,0.656,-,not significant,False
study,2021,77,529,67645,316596,1.1383,1.6709,10.885,-,p < 0.001,True
sustainability,2021,150,607,67645,316596,2.2175,1.9173,2.471,+,not significant,False
sustainable,2021,229,703,67645,316596,3.3853,2.2205,28.495,+,p < 0.0001,True
systems,2021,181,1022,67645,316596,2.6757,3.2281,5.656,-,p < 0.05,True
technology,2021,119,456,67645,316596,1.7592,1.4403,3.627,+,not significant,False
texas,2021,41,376,67645,316596,0.6061,1.1876,20.024,-,p < 0.0001,True
time,2021,127,439,67645,316596,1.8774,1.3866,8.542,+,p < 0.01,True
understanding,2021,88,437,67645,316596,1.3009,1.3803,0.26,-,not significant,False
urban,2021,306,1638,67645,316596,4.5236,5.1738,4.794,-,p < 0.05,True
water,2021,84,522,67645,316596,1.2418,1.6488,6.223,-,p < 0.05,True
work,2021,294,1448,67645,316596,4.3462,4.5737,0.643,-,not significant,False
world,2021,96,576,67645,316596,1.4192,1.8194,5.384,-,p < 0.05,True
year,2021,74,429,67645,316596,1.0939,1.355,3.04,-,not significant,False
years,2021,65,380,67645,316596,0.9609,1.2003,2.893,-,not significant,False
address,2022,53,361,38522,345719,1.3758,1.0442,3.283,+,not significant,False
american,2022,61,535,38522,345719,1.5835,1.5475,0.029,+,not significant,False
analysis,2022,44,570,38522,345719,1.1422,1.6487,6.118,-,p < 0.05,True
approach,2022,42,413,38522,345719,1.0903,1.1946,0.326,-,not significant,False
architect,2022,71,445,38522,345719,1.8431,1.2872,7.233,+,p < 0.01,True
architects,2022,66,590,38522,345719,1.7133,1.7066,0.001,+,not significant,False
architectural,2022,162,1754,38522,345719,4.2054,5.0735,5.502,-,p < 0.05,True
architecture,2022,657,5794,38522,345719,17.0552,16.7593,0.18,+,not significant,False
art,2022,38,373,38522,345719,0.9864,1.0789,0.284,-,not significant,False
assistant,2022,52,494,38522,345719,1.3499,1.4289,0.155,-,not significant,False
associate,2022,52,455,38522,345719,1.3499,1.3161,0.03,+,not significant,False
building,2022,170,1636,38522,345719,4.4131,4.7322,0.765,-,not significant,False
buildings,2022,70,506,38522,345719,1.8171,1.4636,2.725,+,not significant,False
built,2022,89,746,38522,345719,2.3104,2.1578,0.364,+,not significant,False
carbon,2022,62,607,38522,345719,1.6095,1.7558,0.436,-,not significant,False
center,2022,81,784,38522,345719,2.1027,2.2677,0.428,-,not significant,False
challenges,2022,38,508,38522,345719,0.9864,1.4694,6.303,-,p < 0.05,True
change,2022,183,2023,38522,345719,4.7505,5.8516,7.729,-,p < 0.01,True
cities,2022,58,531,38522,345719,1.5056,1.5359,0.021,-,not significant,False
city,2022,159,900,38522,345719,4.1275,2.6033,25.753,+,p < 0.0001,True
climate,2022,285,3566,38522,345719,7.3984,10.3147,32.055,-,p < 0.0001,True
communities,2022,66,534,38522,345719,1.7133,1.5446,0.614,+,not significant,False
community,2022,116,1200,38522,345719,3.0113,3.471,2.221,-,not significant,False
conditions,2022,36,406,38522,345719,0.9345,1.1744,1.84,-,not significant,False
construction,2022,84,632,38522,345719,2.1806,1.8281,2.204,+,not significant,False
context,2022,51,437,38522,345719,1.3239,1.264,0.097,+,not significant,False
critical,2022,63,592,38522,345719,1.6354,1.7124,0.122,-,not significant,False
cultural,2022,50,642,38522,345719,1.298,1.857,6.597,-,p < 0.05,True
current,2022,35,363,38522,345719,0.9086,1.05,0.695,-,not significant,False
data,2022,50,406,38522,345719,1.298,1.1744,0.434,+,not significant,False
design,2022,528,6287,38522,345719,13.7065,18.1853,42.192,-,p < 0.0001,True
develop,2022,61,618,38522,345719,1.5835,1.7876,0.843,-,not significant,False
development,2022,195,1799,38522,345719,5.062,5.2036,0.135,-,not significant,False
ecological,2022,41,581,38522,345719,1.0643,1.6806,9.137,-,p < 0.01,True
economic,2022,60,381,38522,345719,1.5576,1.1021,5.702,+,p < 0.05,True
energy,2022,97,1097,38522,345719,2.518,3.1731,5.084,-,p < 0.05,True
environment,2022,112,1034,38522,345719,2.9074,2.9909,0.082,-,not significant,False
environmental,2022,192,1944,38522,345719,4.9842,5.6231,2.627,-,not significant,False
experience,2022,49,499,38522,345719,1.272,1.4434,0.738,-,not significant,False
future,2022,95,769,38522,345719,2.4661,2.2243,0.876,+,not significant,False
global,2022,46,715,38522,345719,1.1941,2.0682,15.361,-,p < 0.0001,True
health,2022,35,420,38522,345719,0.9086,1.2149,2.961,-,not significant,False
history,2022,66,556,38522,345719,1.7133,1.6082,0.232,+,not significant,False
housing,2022,52,485,38522,345719,1.3499,1.4029,0.07,-,not significant,False
human,2022,68,564,38522,345719,1.7652,1.6314,0.37,+,not significant,False
impact,2022,48,508,38522,345719,1.246,1.4694,1.248,-,not significant,False
include,2022,39,385,38522,345719,1.0124,1.1136,0.33,-,not significant,False
including,2022,46,569,38522,345719,1.1941,1.6458,4.802,-,p < 0.05,True
infrastructure,2022,58,677,38522,345719,1.5056,1.9582,3.975,-,p < 0.05,True
issues,2022,77,494,38522,345719,1.9989,1.4289,6.915,+,p < 0.01,True
justice,2022,76,552,38522,345719,1.9729,1.5967,2.835,+,not significant,False
knowledge,2022,26,485,38522,345719,0.6749,1.4029,16.552,-,p < 0.0001,True
landscape,2022,62,703,38522,345719,1.6095,2.0334,3.326,-,not significant,False
learning,2022,50,539,38522,345719,1.298,1.5591,1.618,-,not significant,False
level,2022,41,362,38522,345719,1.0643,1.0471,0.01,+,not significant,False
life,2022,34,406,38522,345719,0.8826,1.1744,2.775,-,not significant,False
local,2022,52,506,38522,345719,1.3499,1.4636,0.315,-,not significant,False
master,2022,52,393,38522,345719,1.3499,1.1368,1.298,+,not significant,False
material,2022,103,1063,38522,345719,2.6738,3.0748,1.905,-,not significant,False
materials,2022,72,670,38522,345719,1.8691,1.938,0.086,-,not significant,False
methods,2022,35,408,38522,345719,0.9086,1.1801,2.374,-,not significant,False
module,2022,18,406,38522,345719,0.4673,1.1744,19.622,-,p < 0.0001,True
national,2022,31,372,38522,345719,0.8047,1.076,2.623,-,not significant,False
natural,2022,54,386,38522,345719,1.4018,1.1165,2.316,+,not significant,False
nature,2022,63,336,38522,345719,1.6354,0.9719,12.74,+,p < 0.001,True
performance,2022,34,461,38522,345719,0.8826,1.3335,6.08,-,p < 0.05,True
plan,2022,35,396,38522,345719,0.9086,1.1454,1.842,-,not significant,False
planning,2022,106,654,38522,345719,2.7517,1.8917,11.7,+,p < 0.001,True
practice,2022,77,783,38522,345719,1.9989,2.2648,1.132,-,not significant,False
practices,2022,35,408,38522,345719,0.9086,1.1801,2.374,-,not significant,False
process,2022,52,379,38522,345719,1.3499,1.0963,1.879,+,not significant,False
professional,2022,46,457,38522,345719,1.1941,1.3219,0.444,-,not significant,False
project,2022,107,1129,38522,345719,2.7776,3.2657,2.678,-,not significant,False
projects,2022,113,724,38522,345719,2.9334,2.0942,10.223,+,p < 0.01,True
public,2022,78,794,38522,345719,2.0248,2.2967,1.167,-,not significant,False
resilience,2022,16,436,38522,345719,0.4153,1.2611,27.381,-,p < 0.0001,True
resources,2022,46,415,38522,345719,1.1941,1.2004,0.001,-,not significant,False
scale,2022,74,468,38522,345719,1.921,1.3537,7.188,+,p < 0.01,True
science,2022,28,495,38522,345719,0.7269,1.4318,14.983,-,p < 0.001,True
site,2022,134,739,38522,345719,3.4785,2.1376,24.004,+,p < 0.0001,True
social,2022,133,1170,38522,345719,3.4526,3.3843,0.047,+,not significant,False
society,2022,64,638,38522,345719,1.6614,1.8454,0.661,-,not significant,False
space,2022,51,487,38522,345719,1.3239,1.4087,0.181,-,not significant,False
spatial,2022,46,434,38522,345719,1.1941,1.2554,0.105,-,not significant,False
state,2022,52,547,38522,345719,1.3499,1.5822,1.251,-,not significant,False
strategies,2022,90,568,38522,345719,2.3363,1.643,8.84,+,p < 0.01,True
study,2022,43,563,38522,345719,1.1162,1.6285,6.356,-,p < 0.05,True
sustainability,2022,65,692,38522,345719,1.6873,2.0016,1.817,-,not significant,False
sustainable,2022,66,866,38522,345719,1.7133,2.5049,9.875,-,p < 0.01,True
systems,2022,109,1094,38522,345719,2.8296,3.1644,1.279,-,not significant,False
technology,2022,53,522,38522,345719,1.3758,1.5099,0.427,-,not significant,False
texas,2022,18,399,38522,345719,0.4673,1.1541,18.756,-,p < 0.0001,True
time,2022,58,508,38522,345719,1.5056,1.4694,0.031,+,not significant,False
understanding,2022,54,471,38522,345719,1.4018,1.3624,0.039,+,not significant,False
urban,2022,216,1728,38522,345719,5.6072,4.9983,2.463,+,not significant,False
water,2022,82,524,38522,345719,2.1287,1.5157,7.528,+,p < 0.01,True
work,2022,138,1604,38522,345719,3.5824,4.6396,9.141,-,p < 0.01,True
world,2022,76,596,38522,345719,1.9729,1.7239,1.185,+,not significant,False
year,2022,54,449,38522,345719,1.4018,1.2987,0.275,+,not significant,False
years,2022,52,393,38522,345719,1.3499,1.1368,1.298,+,not significant,False
address,2023,43,371,43289,340952,0.9933,1.0881,0.328,-,not significant,False
american,2023,95,501,43289,340952,2.1946,1.4694,11.717,+,p < 0.001,True
analysis,2023,66,548,43289,340952,1.5246,1.6073,0.166,-,not significant,False
approach,2023,39,416,43289,340952,0.9009,1.2201,3.568,-,not significant,False
architect,2023,68,448,43289,340952,1.5708,1.314,1.801,+,not significant,False
architects,2023,75,581,43289,340952,1.7325,1.7041,0.018,+,not significant,False
architectural,2023,139,1777,43289,340952,3.211,5.2119,34.779,-,p < 0.0001,True
architecture,2023,717,5734,43289,340952,16.5631,16.8176,0.149,-,not significant,False
art,2023,47,364,43289,340952,1.0857,1.0676,0.012,+,not significant,False
assistant,2023,67,479,43289,340952,1.5477,1.4049,0.538,+,not significant,False
associate,2023,67,440,43289,340952,1.5477,1.2905,1.837,+,not significant,False
building,2023,201,1605,43289,340952,4.6432,4.7074,0.034,-,not significant,False
buildings,2023,58,518,43289,340952,1.3398,1.5193,0.852,-,not significant,False
built,2023,92,743,43289,340952,2.1253,2.1792,0.052,-,not significant,False
carbon,2023,43,626,43289,340952,0.9933,1.836,18.21,-,p < 0.0001,True
center,2023,113,752,43289,340952,2.6104,2.2056,2.675,+,not significant,False
challenges,2023,26,520,43289,340952,0.6006,1.5251,28.788,-,p < 0.0001,True
change,2023,194,2012,43289,340952,4.4815,5.9011,14.456,-,p < 0.001,True
cities,2023,75,514,43289,340952,1.7325,1.5075,1.223,+,not significant,False
city,2023,111,948,43289,340952,2.5642,2.7805,0.666,-,not significant,False
climate,2023,356,3495,43289,340952,8.2238,10.2507,16.653,-,p < 0.0001,True
communities,2023,83,517,43289,340952,1.9173,1.5163,3.72,+,not significant,False
community,2023,118,1198,43289,340952,2.7259,3.5137,7.424,-,p < 0.01,True
conditions,2023,61,381,43289,340952,1.4091,1.1175,2.674,+,not significant,False
construction,2023,87,629,43289,340952,2.0097,1.8448,0.548,+,not significant,False
context,2023,56,432,43289,340952,1.2936,1.267,0.021,+,not significant,False
critical,2023,63,592,43289,340952,1.4553,1.7363,1.861,-,not significant,False
cultural,2023,82,610,43289,340952,1.8942,1.7891,0.232,+,not significant,False
current,2023,39,359,43289,340952,0.9009,1.0529,0.892,-,not significant,False
data,2023,70,386,43289,340952,1.617,1.1321,6.93,+,p < 0.01,True
design,2023,719,6096,43289,340952,16.6093,17.8793,3.56,-,not significant,False
develop,2023,61,618,43289,340952,1.4091,1.8126,3.771,-,not significant,False
development,2023,219,1775,43289,340952,5.059,5.206,0.161,-,not significant,False
ecological,2023,61,561,43289,340952,1.4091,1.6454,1.378,-,not significant,False
economic,2023,51,390,43289,340952,1.1781,1.1439,0.039,+,not significant,False
energy,2023,125,1069,43289,340952,2.8876,3.1353,0.775,-,not significant,False
environment,2023,142,1004,43289,340952,3.2803,2.9447,1.41,+,not significant,False
environmental,2023,231,1905,43289,340952,5.3362,5.5873,0.441,-,not significant,False
experience,2023,58,490,43289,340952,1.3398,1.4372,0.26,-,not significant,False
future,2023,111,753,43289,340952,2.5642,2.2085,2.078,+,not significant,False
global,2023,101,660,43289,340952,2.3332,1.9358,2.917,+,not significant,False
health,2023,56,399,43289,340952,1.2936,1.1703,0.481,+,not significant,False
history,2023,83,539,43289,340952,1.9173,1.5809,2.555,+,not significant,False
housing,2023,39,498,43289,340952,0.9009,1.4606,9.707,-,p < 0.01,True
human,2023,80,552,43289,340952,1.848,1.619,1.184,+,not significant,False
impact,2023,72,484,43289,340952,1.6632,1.4196,1.513,+,not significant,False
include,2023,56,368,43289,340952,1.2936,1.0793,1.525,+,not significant,False
including,2023,77,538,43289,340952,1.7787,1.5779,0.938,+,not significant,False
infrastructure,2023,67,668,43289,340952,1.5477,1.9592,3.61,-,not significant,False
issues,2023,45,526,43289,340952,1.0395,1.5427,7.225,-,p < 0.01,True
justice,2023,63,565,43289,340952,1.4553,1.6571,0.989,-,not significant,False
knowledge,2023,43,468,43289,340952,0.9933,1.3726,4.508,-,p < 0.05,True
landscape,2023,55,710,43289,340952,1.2705,2.0824,14.374,-,p < 0.001,True
learning,2023,69,520,43289,340952,1.5939,1.5251,0.117,+,not significant,False
level,2023,37,366,43289,340952,0.8547,1.0735,1.857,-,not significant,False
life,2023,42,398,43289,340952,0.9702,1.1673,1.366,-,not significant,False
local,2023,86,472,43289,340952,1.9866,1.3844,8.726,+,p < 0.01,True
master,2023,54,391,43289,340952,1.2474,1.1468,0.329,+,not significant,False
material,2023,109,1057,43289,340952,2.518,3.1001,4.523,-,p < 0.05,True
materials,2023,85,657,43289,340952,1.9635,1.927,0.027,+,not significant,False
methods,2023,68,375,43289,340952,1.5708,1.0999,6.729,+,p < 0.01,True
module,2023,83,341,43289,340952,1.9173,1.0001,24.655,+,p < 0.0001,True
national,2023,51,352,43289,340952,1.1781,1.0324,0.751,+,not significant,False
natural,2023,55,385,43289,340952,1.2705,1.1292,0.65,+,not significant,False
nature,2023,42,357,43289,340952,0.9702,1.0471,0.223,-,not significant,False
performance,2023,55,440,43289,340952,1.2705,1.2905,0.012,-,not significant,False
plan,2023,57,374,43289,340952,1.3167,1.0969,1.577,+,not significant,False
planning,2023,97,663,43289,340952,2.2408,1.9446,1.642,+,not significant,False
practice,2023,64,796,43289,340952,1.4784,2.3346,14.096,-,p < 0.001,True
practices,2023,55,388,43289,340952,1.2705,1.138,0.569,+,not significant,False
process,2023,39,392,43289,340952,0.9009,1.1497,2.255,-,not significant,False
professional,2023,45,458,43289,340952,1.0395,1.3433,2.889,-,not significant,False
project,2023,130,1106,43289,340952,3.0031,3.2439,0.706,-,not significant,False
projects,2023,89,748,43289,340952,2.0559,2.1939,0.341,-,not significant,False
public,2023,101,771,43289,340952,2.3332,2.2613,0.087,+,not significant,False
resilience,2023,42,410,43289,340952,0.9702,1.2025,1.861,-,not significant,False
resources,2023,43,418,43289,340952,0.9933,1.226,1.828,-,not significant,False
scale,2023,46,496,43289,340952,1.0626,1.4548,4.532,-,p < 0.05,True
science,2023,63,460,43289,340952,1.4553,1.3492,0.312,+,not significant,False
site,2023,116,757,43289,340952,2.6797,2.2203,3.397,+,not significant,False
social,2023,137,1166,43289,340952,3.1648,3.4198,0.752,-,not significant,False
society,2023,88,614,43289,340952,2.0328,1.8008,1.097,+,not significant,False
space,2023,71,467,43289,340952,1.6401,1.3697,1.914,+,not significant,False
spatial,2023,57,423,43289,340952,1.3167,1.2406,0.175,+,not significant,False
state,2023,80,519,43289,340952,1.848,1.5222,2.487,+,not significant,False
strategies,2023,42,616,43289,340952,0.9702,1.8067,18.273,-,p < 0.0001,True
study,2023,88,518,43289,340952,2.0328,1.5193,5.952,+,p < 0.05,True
sustainability,2023,71,686,43289,340952,1.6401,2.012,2.84,-,not significant,False
sustainable,2023,99,833,43289,340952,2.287,2.4432,0.393,-,not significant,False
systems,2023,136,1067,43289,340952,3.1417,3.1295,0.002,+,not significant,False
technology,2023,63,512,43289,340952,1.4553,1.5017,0.056,-,not significant,False
texas,2023,72,345,43289,340952,1.6632,1.0119,13.172,+,p < 0.001,True
time,2023,52,514,43289,340952,1.2012,1.5075,2.592,-,not significant,False
understanding,2023,61,464,43289,340952,1.4091,1.3609,0.065,+,not significant,False
urban,2023,219,1725,43289,340952,5.059,5.0594,0.0,-,not significant,False
water,2023,68,538,43289,340952,1.5708,1.5779,0.001,-,not significant,False
work,2023,202,1540,43289,340952,4.6663,4.5168,0.188,+,not significant,False
world,2023,98,574,43289,340952,2.2639,1.6835,6.844,+,p < 0.01,True
year,2023,50,453,43289,340952,1.155,1.3286,0.917,-,not significant,False
years,2023,56,389,43289,340952,1.2936,1.1409,0.749,+,not significant,False
address,2024,56,358,47798,336443,1.1716,1.0641,0.438,+,not significant,False
american,2024,94,502,47798,336443,1.9666,1.4921,5.665,+,p < 0.05,True
analysis,2024,50,564,47798,336443,1.0461,1.6764,11.663,-,p < 0.001,True
approach,2024,76,379,47798,336443,1.59,1.1265,6.958,+,p < 0.01,True
architect,2024,66,450,47798,336443,1.3808,1.3375,0.058,+,not significant,False
architects,2024,71,585,47798,336443,1.4854,1.7388,1.636,-,not significant,False
architectural,2024,244,1672,47798,336443,5.1048,4.9696,0.152,+,not significant,False
architecture,2024,795,5656,47798,336443,16.6325,16.8112,0.08,-,not significant,False
art,2024,47,364,47798,336443,0.9833,1.0819,0.39,-,not significant,False
assistant,2024,78,468,47798,336443,1.6319,1.391,1.641,+,not significant,False
associate,2024,45,462,47798,336443,0.9415,1.3732,6.482,-,p < 0.05,True
building,2024,190,1616,47798,336443,3.9751,4.8032,6.399,-,p < 0.05,True
buildings,2024,52,524,47798,336443,1.0879,1.5575,6.72,-,p < 0.01,True
built,2024,83,752,47798,336443,1.7365,2.2351,5.097,-,p < 0.05,True
carbon,2024,38,631,47798,336443,0.795,1.8755,34.269,-,p < 0.0001,True
center,2024,85,780,47798,336443,1.7783,2.3184,5.788,-,p < 0.05,True
challenges,2024,84,462,47798,336443,1.7574,1.3732,4.085,+,p < 0.05,True
change,2024,246,1960,47798,336443,5.1467,5.8257,3.466,-,not significant,False
cities,2024,54,535,47798,336443,1.1298,1.5902,6.293,-,p < 0.05,True
city,2024,99,960,47798,336443,2.0712,2.8534,10.049,-,p < 0.01,True
climate,2024,511,3340,47798,336443,10.6908,9.9274,2.389,+,not significant,False
communities,2024,48,552,47798,336443,1.0042,1.6407,12.225,-,p < 0.001,True
community,2024,164,1152,47798,336443,3.4311,3.4241,0.001,+,not significant,False
conditions,2024,46,396,47798,336443,0.9624,1.177,1.762,-,not significant,False
construction,2024,108,608,47798,336443,2.2595,1.8071,4.344,+,p < 0.05,True
context,2024,86,402,47798,336443,1.7992,1.1949,10.849,+,p < 0.001,True
critical,2024,72,583,47798,336443,1.5063,1.7328,1.304,-,not significant,False
cultural,2024,109,583,47798,336443,2.2804,1.7328,6.5,+,p < 0.05,True
current,2024,50,348,47798,336443,1.0461,1.0344,0.006,+,not significant,False
data,2024,31,425,47798,336443,0.6486,1.2632,15.61,-,p < 0.0001,True
design,2024,771,6044,47798,336443,16.1304,17.9644,8.153,-,p < 0.01,True
develop,2024,106,573,47798,336443,2.2177,1.7031,5.865,+,p < 0.05,True
development,2024,257,1737,47798,336443,5.3768,5.1628,0.365,+,not significant,False
ecological,2024,92,530,47798,336443,1.9248,1.5753,3.002,+,not significant,False
economic,2024,51,390,47798,336443,1.067,1.1592,0.316,-,not significant,False
energy,2024,121,1073,47798,336443,2.5315,3.1892,6.169,-,p < 0.05,True
environment,2024,116,1030,47798,336443,2.4269,3.0614,5.984,-,p < 0.05,True
environmental,2024,218,1918,47798,336443,4.5609,5.7008,10.338,-,p < 0.01,True
experience,2024,83,465,47798,336443,1.7365,1.3821,3.478,+,not significant,False
future,2024,160,704,47798,336443,3.3474,2.0925,26.014,+,p < 0.0001,True
global,2024,99,662,47798,336443,2.0712,1.9676,0.224,+,not significant,False
health,2024,41,414,47798,336443,0.8578,1.2305,5.363,-,p < 0.05,True
history,2024,88,534,47798,336443,1.8411,1.5872,1.605,+,not significant,False
housing,2024,82,455,47798,336443,1.7156,1.3524,3.719,+,not significant,False
human,2024,99,533,47798,336443,2.0712,1.5842,5.639,+,p < 0.05,True
impact,2024,66,490,47798,336443,1.3808,1.4564,0.168,-,not significant,False
include,2024,51,373,47798,336443,1.067,1.1087,0.066,-,not significant,False
including,2024,74,541,47798,336443,1.5482,1.608,0.094,-,not significant,False
infrastructure,2024,89,646,47798,336443,1.862,1.9201,0.074,-,not significant,False
issues,2024,48,523,47798,336443,1.0042,1.5545,9.482,-,p < 0.01,True
justice,2024,108,520,47798,336443,2.2595,1.5456,11.853,+,p < 0.001,True
knowledge,2024,69,442,47798,336443,1.4436,1.3137,0.518,+,not significant,False
landscape,2024,144,621,47798,336443,3.0127,1.8458,25.273,+,p < 0.0001,True
learning,2024,65,524,47798,336443,1.3599,1.5575,1.102,-,not significant,False
level,2024,37,366,47798,336443,0.7741,1.0879,4.27,-,p < 0.05,True
life,2024,62,378,47798,336443,1.2971,1.1235,1.062,+,not significant,False
local,2024,86,472,47798,336443,1.7992,1.4029,4.251,+,p < 0.05,True
master,2024,60,385,47798,336443,1.2553,1.1443,0.435,+,not significant,False
material,2024,114,1052,47798,336443,2.385,3.1268,8.112,-,p < 0.01,True
materials,2024,78,664,47798,336443,1.6319,1.9736,2.653,-,not significant,False
methods,2024,46,397,47798,336443,0.9624,1.18,1.808,-,not significant,False
module,2024,80,344,47798,336443,1.6737,1.0225,14.192,+,p < 0.001,True
national,2024,41,362,47798,336443,0.8578,1.076,2.009,-,not significant,False
natural,2024,51,389,47798,336443,1.067,1.1562,0.297,-,not significant,False
nature,2024,40,359,47798,336443,0.8369,1.067,2.268,-,not significant,False
performance,2024,21,474,47798,336443,0.4393,1.4089,39.656,-,p < 0.0001,True
plan,2024,45,386,47798,336443,0.9415,1.1473,1.66,-,not significant,False
planning,2024,66,694,47798,336443,1.3808,2.0628,10.851,-,p < 0.001,True
practice,2024,79,781,47798,336443,1.6528,2.3213,9.083,-,p < 0.01,True
practices,2024,62,381,47798,336443,1.2971,1.1324,0.951,+,not significant,False
process,2024,34,397,47798,336443,0.7113,1.18,9.26,-,p < 0.01,True
professional,2024,57,446,47798,336443,1.1925,1.3256,0.582,-,not significant,False
project,2024,178,1058,47798,336443,3.724,3.1447,4.184,+,p < 0.05,True
projects,2024,85,752,47798,336443,1.7783,2.2351,4.242,-,p < 0.05,True
public,2024,81,791,47798,336443,1.6946,2.3511,8.611,-,p < 0.01,True
resilience,2024,48,404,47798,336443,1.0042,1.2008,1.437,-,not significant,False
resources,2024,52,409,47798,336443,1.0879,1.2157,0.585,-,not significant,False
scale,2024,74,468,47798,336443,1.5482,1.391,0.713,+,not significant,False
science,2024,72,451,47798,336443,1.5063,1.3405,0.821,+,not significant,False
site,2024,133,740,47798,336443,2.7825,2.1995,5.901,+,p < 0.05,True
social,2024,148,1155,47798,336443,3.0964,3.433,1.435,-,not significant,False
society,2024,98,604,47798,336443,2.0503,1.7953,1.441,+,not significant,False
space,2024,117,421,47798,336443,2.4478,1.2513,36.085,+,p < 0.0001,True
spatial,2024,49,431,47798,336443,1.0251,1.281,2.318,-,not significant,False
state,2024,99,500,47798,336443,2.0712,1.4861,8.448,+,p < 0.01,True
strategies,2024,61,597,47798,336443,1.2762,1.7744,6.577,-,p < 0.05,True
study,2024,75,531,47798,336443,1.5691,1.5783,0.002,-,not significant,False
sustainability,2024,54,703,47798,336443,1.1298,2.0895,22.664,-,p < 0.0001,True
sustainable,2024,123,809,47798,336443,2.5733,2.4046,0.483,+,not significant,False
systems,2024,146,1057,47798,336443,3.0545,3.1417,0.102,-,not significant,False
technology,2024,58,517,47798,336443,1.2134,1.5367,3.097,-,not significant,False
texas,2024,61,356,47798,336443,1.2762,1.0581,1.749,+,not significant,False
time,2024,68,498,47798,336443,1.4227,1.4802,0.095,-,not significant,False
understanding,2024,84,441,47798,336443,1.7574,1.3108,5.673,+,p < 0.05,True
urban,2024,232,1712,47798,336443,4.8538,5.0885,0.461,-,not significant,False
water,2024,66,540,47798,336443,1.3808,1.605,1.385,-,not significant,False
work,2024,213,1529,47798,336443,4.4563,4.5446,0.072,-,not significant,False
world,2024,115,557,47798,336443,2.406,1.6556,12.256,+,p < 0.001,True
year,2024,73,430,47798,336443,1.5273,1.2781,1.898,+,not significant,False
years,2024,50,395,47798,336443,1.0461,1.174,0.609,-,not significant,False
address,2025,47,367,37383,346858,1.2573,1.0581,1.186,+,not significant,False
american,2025,26,570,37383,346858,0.6955,1.6433,24.127,-,p < 0.0001,True
analysis,2025,81,533,37383,346858,2.1668,1.5367,7.629,+,p < 0.01,True
approach,2025,65,390,37383,346858,1.7388,1.1244,9.538,+,p < 0.01,True
architect,2025,44,472,37383,346858,1.177,1.3608,0.882,-,not significant,False
architects,2025,58,598,37383,346858,1.5515,1.724,0.605,-,not significant,False
architectural,2025,147,1769,37383,346858,3.9323,5.1001,9.881,-,p < 0.01,True
architecture,2025,515,5936,37383,346858,13.7763,17.1136,23.703,-,p < 0.0001,True
art,2025,25,386,37383,346858,0.6688,1.1128,7.087,-,p < 0.01,True
assistant,2025,43,503,37383,346858,1.1503,1.4502,2.27,-,not significant,False
associate,2025,48,459,37383,346858,1.284,1.3233,0.04,-,not significant,False
building,2025,113,1693,37383,346858,3.0228,4.881,28.032,-,p < 0.0001,True
buildings,2025,37,539,37383,346858,0.9898,1.554,8.047,-,p < 0.01,True
built,2025,64,771,37383,346858,1.712,2.2228,4.339,-,p < 0.05,True
carbon,2025,80,589,37383,346858,2.14,1.6981,3.553,+,not significant,False
center,2025,42,823,37383,346858,1.1235,2.3727,28.168,-,p < 0.0001,True
challenges,2025,81,465,37383,346858,2.1668,1.3406,14.194,+,p < 0.001,True
change,2025,183,2023,37383,346858,4.8953,5.8324,5.406,-,p < 0.05,True
cities,2025,61,528,37383,346858,1.6318,1.5222,0.259,+,not significant,False
city,2025,96,963,37383,346858,2.568,2.7764,0.543,-,not significant,False
climate,2025,401,3450,37383,346858,10.7268,9.9464,2.009,+,not significant,False
communities,2025,73,527,37383,346858,1.9528,1.5194,3.79,+,not significant,False
community,2025,169,1147,37383,346858,4.5208,3.3068,13.327,+,p < 0.001,True
conditions,2025,43,399,37383,346858,1.1503,1.1503,0.0,-,not significant,False
construction,2025,53,663,37383,346858,1.4178,1.9114,4.772,-,p < 0.05,True
context,2025,56,432,37383,346858,1.498,1.2455,1.612,+,not significant,False
critical,2025,72,583,37383,346858,1.926,1.6808,1.147,+,not significant,False
cultural,2025,66,626,37383,346858,1.7655,1.8048,0.029,-,not significant,False
current,2025,36,362,37383,346858,0.963,1.0437,0.217,-,not significant,False
data,2025,49,407,37383,346858,1.3108,1.1734,0.521,+,not significant,False
design,2025,653,6162,37383,346858,17.4678,17.7652,0.169,-,not significant,False
develop,2025,62,617,37383,346858,1.6585,1.7788,0.282,-,not significant,False
development,2025,202,1792,37383,346858,5.4035,5.1664,0.361,+,not significant,False
ecological,2025,65,557,37383,346858,1.7388,1.6058,0.36,+,not significant,False
economic,2025,55,386,37383,346858,1.4713,1.1128,3.499,+,not significant,False
energy,2025,101,1093,37383,346858,2.7018,3.1511,2.284,-,not significant,False
environment,2025,93,1053,37383,346858,2.4878,3.0358,3.582,-,not significant,False
environmental,2025,226,1910,37383,346858,6.0455,5.5066,1.719,+,not significant,False
experience,2025,59,489,37383,346858,1.5783,1.4098,0.651,+,not significant,False
future,2025,94,770,37383,346858,2.5145,2.2199,1.259,+,not significant,False
global,2025,87,674,37383,346858,2.3273,1.9432,2.393,+,not significant,False
health,2025,40,415,37383,346858,1.07,1.1965,0.469,-,not significant,False
history,2025,44,578,37383,346858,1.177,1.6664,5.465,-,p < 0.05,True
housing,2025,52,485,37383,346858,1.391,1.3983,0.001,-,not significant,False
human,2025,47,585,37383,346858,1.2573,1.6866,4.083,-,p < 0.05,True
impact,2025,56,500,37383,346858,1.498,1.4415,0.074,+,not significant,False
include,2025,55,369,37383,346858,1.4713,1.0638,4.644,+,p < 0.05,True
including,2025,63,552,37383,346858,1.6853,1.5914,0.183,+,not significant,False
infrastructure,2025,59,676,37383,346858,1.5783,1.9489,2.562,-,not significant,False
issues,2025,44,527,37383,346858,1.177,1.5194,2.846,-,not significant,False
justice,2025,100,528,37383,346858,2.675,1.5222,23.466,+,p < 0.0001,True
knowledge,2025,43,468,37383,346858,1.1503,1.3493,1.048,-,not significant,False
landscape,2025,89,676,37383,346858,2.3808,1.9489,2.993,+,not significant,False
learning,2025,67,522,37383,346858,1.7923,1.5049,1.733,+,not significant,False
level,2025,20,383,37383,346858,0.535,1.1042,12.487,-,p < 0.001,True
life,2025,62,378,37383,346858,1.6585,1.0898,8.49,+,p < 0.01,True
local,2025,50,508,37383,346858,1.3375,1.4646,0.384,-,not significant,False
master,2025,44,401,37383,346858,1.177,1.1561,0.013,+,not significant,False
material,2025,99,1067,37383,346858,2.6483,3.0762,2.119,-,not significant,False
materials,2025,72,670,37383,346858,1.926,1.9316,0.001,-,not significant,False
methods,2025,40,403,37383,346858,1.07,1.1619,0.252,-,not significant,False
module,2025,34,390,37383,346858,0.9095,1.1244,1.493,-,not significant,False
national,2025,30,373,37383,346858,0.8025,1.0754,2.586,-,not significant,False
natural,2025,35,405,37383,346858,0.9363,1.1676,1.672,-,not significant,False
nature,2025,17,382,37383,346858,0.4548,1.1013,16.86,-,p < 0.0001,True
performance,2025,25,470,37383,346858,0.6688,1.355,14.716,-,p < 0.001,True
plan,2025,62,369,37383,346858,1.6585,1.0638,9.412,+,p < 0.01,True
planning,2025,98,662,37383,346858,2.6215,1.9086,7.949,+,p < 0.01,True
practice,2025,74,786,37383,346858,1.9795,2.2661,1.283,-,not significant,False
practices,2025,46,397,37383,346858,1.2305,1.1446,0.212,+,not significant,False
process,2025,48,383,37383,346858,1.284,1.1042,0.934,+,not significant,False
professional,2025,64,439,37383,346858,1.712,1.2656,4.728,+,p < 0.05,True
project,2025,126,1110,37383,346858,3.3705,3.2002,0.3,+,not significant,False
projects,2025,98,739,37383,346858,2.6215,2.1306,3.529,+,not significant,False
public,2025,68,804,37383,346858,1.819,2.318,3.945,-,p < 0.05,True
resilience,2025,87,365,37383,346858,2.3273,1.0523,37.373,+,p < 0.0001,True
resources,2025,48,413,37383,346858,1.284,1.1907,0.24,+,not significant,False
scale,2025,42,500,37383,346858,1.1235,1.4415,2.583,-,not significant,False
science,2025,44,479,37383,346858,1.177,1.381,1.076,-,not significant,False
site,2025,65,808,37383,346858,1.7388,2.3295,5.595,-,p < 0.05,True
social,2025,169,1134,37383,346858,4.5208,3.2693,14.258,+,p < 0.001,True
society,2025,68,634,37383,346858,1.819,1.8278,0.001,-,not significant,False
space,2025,51,487,37383,346858,1.3643,1.404,0.038,-,not significant,False
spatial,2025,41,439,37383,346858,1.0968,1.2656,0.8,-,not significant,False
state,2025,65,534,37383,346858,1.7388,1.5395,0.831,+,not significant,False
strategies,2025,77,581,37383,346858,2.0598,1.675,2.757,+,not significant,False
study,2025,61,545,37383,346858,1.6318,1.5712,0.078,+,not significant,False
sustainability,2025,102,655,37383,346858,2.7285,1.8884,10.926,+,p < 0.001,True
sustainable,2025,122,810,37383,346858,3.2635,2.3352,10.936,+,p < 0.001,True
systems,2025,73,1130,37383,346858,1.9528,3.2578,20.923,-,p < 0.0001,True
technology,2025,52,523,37383,346858,1.391,1.5078,0.314,-,not significant,False
texas,2025,68,349,37383,346858,1.819,1.0062,17.43,+,p < 0.0001,True
time,2025,41,525,37383,346858,1.0968,1.5136,4.329,-,p < 0.05,True
understanding,2025,54,471,37383,346858,1.4445,1.3579,0.182,+,not significant,False
urban,2025,273,1671,37383,346858,7.3028,4.8175,36.733,+,p < 0.0001,True
water,2025,48,558,37383,346858,1.284,1.6087,2.394,-,not significant,False
work,2025,157,1585,37383,346858,4.1998,4.5696,1.041,-,not significant,False
world,2025,51,621,37383,346858,1.3643,1.7904,3.762,-,not significant,False
year,2025,57,446,37383,346858,1.5248,1.2858,1.405,+,not significant,False
years,2025,37,408,37383,346858,0.9898,1.1763,1.061,-,not significant,False
address,2026,58,356,72440,311801,0.8007,1.1418,6.833,-,p < 0.01,True
american,2026,56,540,72440,311801,0.7731,1.7319,41.058,-,p < 0.0001,True
analysis,2026,163,451,72440,311801,2.2501,1.4464,21.719,+,p < 0.0001,True
approach,2026,65,390,72440,311801,0.8973,1.2508,6.646,-,p < 0.01,True
architect,2026,81,435,72440,311801,1.1182,1.3951,3.516,-,not significant,False
architects,2026,95,561,72440,311801,1.3114,1.7992,8.749,-,p < 0.01,True
architectural,2026,624,1292,72440,311801,8.614,4.1437,203.829,+,p < 0.0001,True
architecture,2026,1139,5312,72440,311801,15.7234,17.0365,6.139,-,p < 0.05,True
art,2026,43,368,72440,311801,0.5936,1.1802,21.775,-,p < 0.0001,True
assistant,2026,101,445,72440,311801,1.3943,1.4272,0.045,-,not significant,False
associate,2026,87,420,72440,311801,1.201,1.347,0.973,-,not significant,False
building,2026,406,1400,72440,311801,5.6046,4.49,14.843,+,p < 0.001,True
buildings,2026,113,463,72440,311801,1.5599,1.4849,0.218,+,not significant,False
built,2026,145,690,72440,311801,2.0017,2.2129,1.233,-,not significant,False
carbon,2026,152,517,72440,311801,2.0983,1.6581,6.232,+,p < 0.05,True
center,2026,128,737,72440,311801,1.767,2.3637,9.877,-,p < 0.01,True
challenges,2026,94,452,72440,311801,1.2976,1.4496,0.978,-,not significant,False
change,2026,286,1920,72440,311801,3.9481,6.1578,54.813,-,p < 0.0001,True
cities,2026,81,508,72440,311801,1.1182,1.6292,10.83,-,p < 0.01,True
city,2026,155,904,72440,311801,2.1397,2.8993,13.107,-,p < 0.001,True
climate,2026,814,3037,72440,311801,11.2369,9.7402,12.756,+,p < 0.001,True
communities,2026,115,485,72440,311801,1.5875,1.5555,0.038,+,not significant,False
community,2026,334,982,72440,311801,4.6107,3.1494,33.903,+,p < 0.0001,True
conditions,2026,130,312,72440,311801,1.7946,1.0006,28.645,+,p < 0.0001,True
construction,2026,183,533,72440,311801,2.5262,1.7094,19.433,+,p < 0.0001,True
context,2026,95,393,72440,311801,1.3114,1.2604,0.119,+,not significant,False
critical,2026,146,509,72440,311801,2.0155,1.6325,4.843,+,p < 0.05,True
cultural,2026,178,514,72440,311801,2.4572,1.6485,19.678,+,p < 0.0001,True
current,2026,48,350,72440,311801,0.6626,1.1225,13.383,-,p < 0.001,True
data,2026,105,351,72440,311801,1.4495,1.1257,4.929,+,p < 0.05,True
design,2026,1527,5288,72440,311801,21.0795,16.9595,53.791,+,p < 0.0001,True
develop,2026,118,561,72440,311801,1.6289,1.7992,0.985,-,not significant,False
development,2026,362,1632,72440,311801,4.9972,5.2341,0.642,-,not significant,False
ecological,2026,169,453,72440,311801,2.333,1.4528,25.551,+,p < 0.0001,True
economic,2026,54,387,72440,311801,0.7454,1.2412,13.985,-,p < 0.001,True
energy,2026,192,1002,72440,311801,2.6505,3.2136,6.244,-,p < 0.05,True
environment,2026,143,1003,72440,311801,1.974,3.2168,33.674,-,p < 0.0001,True
environmental,2026,542,1594,72440,311801,7.4821,5.1122,54.941,+,p < 0.0001,True
experience,2026,136,412,72440,311801,1.8774,1.3214,11.86,+,p < 0.001,True
future,2026,91,773,72440,311801,1.2562,2.4791,44.946,-,p < 0.0001,True
global,2026,106,655,72440,311801,1.4633,2.1007,12.999,-,p < 0.001,True
health,2026,95,360,72440,311801,1.3114,1.1546,1.189,+,not significant,False
history,2026,70,552,72440,311801,0.9663,1.7704,26.591,-,p < 0.0001,True
housing,2026,108,429,72440,311801,1.4909,1.3759,0.547,+,not significant,False
human,2026,96,536,72440,311801,1.3252,1.719,5.851,-,p < 0.05,True
impact,2026,94,462,72440,311801,1.2976,1.4817,1.415,-,not significant,False
include,2026,62,362,72440,311801,0.8559,1.161,5.284,-,p < 0.05,True
including,2026,160,455,72440,311801,2.2087,1.4593,18.958,+,p < 0.0001,True
infrastructure,2026,160,575,72440,311801,2.2087,1.8441,3.936,+,p < 0.05,True
issues,2026,30,541,72440,311801,0.4141,1.7351,90.979,-,p < 0.0001,True
justice,2026,113,515,72440,311801,1.5599,1.6517,0.307,-,not significant,False
knowledge,2026,106,405,72440,311801,1.4633,1.2989,1.165,+,not significant,False
landscape,2026,118,647,72440,311801,1.6289,2.075,6.179,-,p < 0.05,True
learning,2026,145,444,72440,311801,2.0017,1.424,11.935,+,p < 0.001,True
level,2026,76,327,72440,311801,1.0491,1.0487,0.0,+,not significant,False
life,2026,73,367,72440,311801,1.0077,1.177,1.52,-,not significant,False
local,2026,114,444,72440,311801,1.5737,1.424,0.889,+,not significant,False
master,2026,81,364,72440,311801,1.1182,1.1674,0.124,-,not significant,False
material,2026,405,761,72440,311801,5.5908,2.4407,163.476,+,p < 0.0001,True
materials,2026,180,562,72440,311801,2.4848,1.8024,13.271,+,p < 0.001,True
methods,2026,88,355,72440,311801,1.2148,1.1385,0.292,+,not significant,False
module,2026,87,337,72440,311801,1.201,1.0808,0.753,+,not significant,False
national,2026,76,327,72440,311801,1.0491,1.0487,0.0,+,not significant,False
natural,2026,44,396,72440,311801,0.6074,1.27,26.209,-,p < 0.0001,True
nature,2026,31,368,72440,311801,0.4279,1.1802,39.267,-,p < 0.0001,True
performance,2026,188,307,72440,311801,2.5953,0.9846,98.302,+,p < 0.0001,True
plan,2026,70,361,72440,311801,0.9663,1.1578,1.995,-,not significant,False
planning,2026,101,659,72440,311801,1.3943,2.1135,16.76,-,p < 0.0001,True
practice,2026,239,621,72440,311801,3.2993,1.9917,40.547,+,p < 0.0001,True
practices,2026,101,342,72440,311801,1.3943,1.0969,4.292,+,p < 0.05,True
process,2026,77,354,72440,311801,1.0629,1.1353,0.278,-,not significant,False
professional,2026,113,390,72440,311801,1.5599,1.2508,4.1,+,p < 0.05,True
project,2026,252,984,72440,311801,3.4787,3.1559,1.867,+,not significant,False
projects,2026,150,687,72440,311801,2.0707,2.2033,0.481,-,not significant,False
public,2026,245,627,72440,311801,3.3821,2.0109,43.844,+,p < 0.0001,True
resilience,2026,114,338,72440,311801,1.5737,1.084,11.104,+,p < 0.001,True
resources,2026,71,390,72440,311801,0.9801,1.2508,3.776,-,not significant,False
scale,2026,139,403,72440,311801,1.9188,1.2925,15.082,+,p < 0.001,True
science,2026,88,435,72440,311801,1.2148,1.3951,1.445,-,not significant,False
site,2026,198,675,72440,311801,2.7333,2.1648,7.968,+,p < 0.01,True
social,2026,266,1037,72440,311801,3.672,3.3258,2.035,+,not significant,False
society,2026,95,607,72440,311801,1.3114,1.9468,14.096,-,p < 0.001,True
space,2026,95,443,72440,311801,1.3114,1.4208,0.51,-,not significant,False
spatial,2026,154,326,72440,311801,2.1259,1.0455,47.711,+,p < 0.0001,True
state,2026,72,527,72440,311801,0.9939,1.6902,20.397,-,p < 0.0001,True
strategies,2026,171,487,72440,311801,2.3606,1.5619,20.129,+,p < 0.0001,True
study,2026,139,467,72440,311801,1.9188,1.4978,6.28,+,p < 0.05,True
sustainability,2026,145,612,72440,311801,2.0017,1.9628,0.045,+,not significant,False
sustainable,2026,109,823,72440,311801,1.5047,2.6395,35.044,-,p < 0.0001,True
systems,2026,348,855,72440,311801,4.804,2.7421,71.295,+,p < 0.0001,True
technology,2026,104,471,72440,311801,1.4357,1.5106,0.223,-,not significant,False
texas,2026,83,334,72440,311801,1.1458,1.0712,0.297,+,not significant,False
time,2026,98,468,72440,311801,1.3528,1.501,0.895,-,not significant,False
understanding,2026,73,452,72440,311801,1.0077,1.4496,9.06,-,p < 0.01,True
urban,2026,329,1615,72440,311801,4.5417,5.1796,4.859,-,p < 0.05,True
water,2026,105,501,72440,311801,1.4495,1.6068,0.942,-,not significant,False
work,2026,372,1370,72440,311801,5.1353,4.3938,6.902,+,p < 0.01,True
world,2026,72,600,72440,311801,0.9939,1.9243,33.32,-,p < 0.0001,True
year,2026,99,404,72440,311801,1.3666,1.2957,0.224,+,not significant,False
years,2026,75,370,72440,311801,1.0353,1.1867,1.196,-,not significant,False
