pdf_title,year,active,passive,no_subject,total_verb_instances
2020cprize-01nb,2020,13,6,16,35
2020cprize-02nb,2020,45,2,54,101
2020cprize-03nb,2020,110,12,109,231
2020cprize-04nb,2020,73,17,167,257
2020cprize-05nb,2020,48,19,88,155
2020cprize-06nb,2020,72,19,99,190
2020cprize-07nb,2020,74,26,121,221
2020cprize-08nb,2020,76,25,124,225
2020cprize-09nb,2020,29,6,32,67
2020cprize-10nb,2020,45,14,93,152
2020cprize-11nb,2020,87,27,113,227
2020cprize-12nb,2020,93,35,113,241
2020cprize-13nb,2020,46,7,61,114
2020cprize-14nb,2020,77,15,101,193
2020cprize-15nb,2020,68,12,111,191
2020cprize-16nb,2020,118,19,118,255
2020cprize-17nb,2020,48,7,58,113
2020cprize-18nb,2020,88,9,145,242
2020cprize-19nb,2020,33,8,78,119
2020cprize-20nb,2020,86,27,103,216
2020cprize-21nb,2020,41,9,54,104
2020cprize-22nb,2020,101,22,129,252
2020cprize-23nb,2020,102,25,144,271
2020cprize-24nb,2020,46,9,54,109
2020cprize-25nb,2020,69,9,113,191
2020cprize-26nb,2020,71,23,124,218
2020cprize-27nb,2020,62,19,100,181
2020cprize-28nb,2020,58,14,76,148
2020cprize-29nb,2020,95,16,85,196
2020cprize-30nb,2020,71,25,88,184
2020cprize-31nb,2020,107,25,139,271
2020cprize-32nb,2020,75,16,69,160
2020cprize-33nb,2020,74,14,106,194
2020cprize-34nb,2020,56,16,106,178
2020cprize-35nb,2020,78,15,160,253
2020cprize-36nb,2020,72,13,100,185
2020cprize-37nb,2020,59,23,113,195
2020cprize-38nb,2020,35,9,52,96
2020cprize-39nb,2020,75,18,100,193
2020cprize-40nb,2020,70,17,90,177
2020cprize-41nb,2020,61,29,92,182
2020cprize-43nb,2020,75,25,98,198
2020cprize-44nb,2020,67,38,127,232
2020cprize-45nb,2020,43,12,79,134
2020cprize-46nb,2020,77,15,95,187
2020cprize-47nb,2020,91,30,153,274
2020cprize-48nb,2020,45,19,91,155
2020cprize-49nb,2020,69,20,83,172
2020cprize-50nb,2020,48,20,112,180
2020cprize-51nb,2020,45,17,53,115
2020cprize-52nb,2020,66,19,107,192
2020cprize-53nb,2020,70,9,91,170
2020cprize-54nb,2020,32,10,51,93
2020cprize-55nb,2020,49,6,47,102
2020cprize-56nb,2020,99,17,167,283
2020cprize-57nb,2020,46,9,86,141
2020cprize-58nb,2020,95,15,123,233
2020cprize-59nb,2020,73,14,114,201
2020cprize-60nb,2020,72,13,114,199
2020cprize-61nb,2020,73,22,95,190
2020cprize-62nb,2020,59,9,112,180
2020cprize-63nb,2020,46,15,75,136
2020cprize-64nb,2020,85,34,102,221
2020cprize-65nb,2020,100,25,153,278
2020cprize-66nb,2020,74,10,120,204
2020cprize-67nb,2020,58,19,121,198
2020cprize-68nb,2020,75,11,129,215
2020cprize-69nb,2020,44,15,105,164
2021cprize-01nb,2021,41,31,89,161
2021cprize-02nb,2021,54,17,58,129
2021cprize-03nb,2021,95,22,87,204
2021cprize-04nb,2021,85,24,117,226
2021cprize-05nb,2021,85,27,111,223
2021cprize-06nb,2021,42,6,57,105
2021cprize-07nb,2021,67,11,97,175
2021cprize-08nb,2021,73,25,121,219
2021cprize-09nb,2021,111,1,82,194
2021cprize-10nb,2021,100,22,120,242
2021cprize-11nb,2021,67,17,170,254
2021cprize-12nb,2021,97,48,239,384
2021cprize-13nb,2021,69,12,72,153
2021cprize-14nb,2021,75,25,161,261
2021cprize-15nb,2021,100,35,182,317
2021cprize-16nb,2021,43,12,55,110
2021cprize-17nb,2021,74,2,54,130
2021cprize-18nb,2021,35,7,47,89
2021cprize-19nb,2021,63,23,102,188
2021cprize-20nb,2021,71,14,95,180
2021cprize-21nb,2021,38,16,70,124
2021cprize-22nb,2021,84,14,148,246
2021cprize-23nb,2021,67,57,160,284
2021cprize-24nb,2021,65,59,171,295
2021cprize-25nb,2021,67,56,164,287
2021cprize-26nb,2021,40,20,56,116
2021cprize-27nb,2021,66,16,96,178
2021cprize-28nb,2021,55,5,71,131
2021cprize-29nb,2021,29,13,79,121
2021cprize-30nb,2021,86,3,72,161
2021cprize-31nb,2021,26,14,50,90
2021cprize-32nb,2021,54,11,40,105
2021cprize-33nb,2021,94,20,190,304
2021cprize-34nb,2021,72,6,89,167
2021cprize-35nb,2021,77,8,114,199
2021cprize-36nb,2021,83,13,129,225
2021cprize-37nb,2021,62,20,95,177
2021cprize-38nb,2021,58,13,56,127
2021cprize-39nb,2021,75,23,140,238
2021cprize-40nb,2021,81,15,132,228
2021cprize-41nb,2021,72,18,90,180
2021cprize-42nb,2021,46,39,109,194
2021cprize-43nb,2021,70,12,81,163
2021cprize-44nb,2021,60,14,88,162
2021cprize-45nb,2021,54,15,140,209
2021cprize-46nb,2021,54,13,94,161
2021cprize-47nb,2021,50,6,92,148
2021cprize-48nb,2021,76,12,143,231
2021cprize-49nb,2021,58,13,105,176
2021cprize-50nb,2021,108,8,136,252
2021cprize-52nb,2021,80,13,73,166
2021cprize-53nb,2021,58,4,56,118
2021cprize-54nb,2021,33,10,40,83
2021cprize-55nb,2021,59,16,63,138
2021cprize-56nb,2021,91,13,101,205
2021cprize-57nb,2021,50,14,75,139
2021cprize-58nb,2021,28,16,90,134
2021cprize-59nb,2021,68,11,91,170
2021cprize-60nb,2021,81,16,82,179
2021cprize-61nb,2021,54,12,83,149
2021cprize-62nb,2021,27,12,62,101
2021cprize-63nb,2021,48,13,54,115
2022cprize-01nb,2022,132,15,154,301
2022cprize-02nb,2022,84,18,87,189
2022cprize-03nb,2022,109,17,190,316
2022cprize-04nb,2022,55,13,94,162
2022cprize-05nb,2022,35,14,80,129
2022cprize-06nb,2022,63,16,69,148
2022cprize-07nb,2022,55,28,116,199
2022cprize-08nb,2022,56,14,119,189
2022cprize-09nb,2022,41,25,98,164
2022cprize-10nb,2022,89,17,119,225
2022cprize-11nb,2022,59,16,139,214
2022cprize-12nb,2022,68,11,125,204
2022cprize-13nb,2022,71,16,116,203
2022cprize-14nb,2022,58,19,114,191
2022cprize-15nb,2022,61,10,102,173
2022cprize-16nb,2022,130,34,182,346
2022cprize-17nb,2022,71,13,90,174
2022cprize-18nb,2022,54,19,94,167
2022cprize-19nb,2022,106,33,161,300
2022cprize-20nb,2022,99,40,140,279
2022cprize-21nb,2022,40,8,61,109
2022cprize-22nb,2022,91,23,105,219
2022cprize-23nb,2022,134,22,202,358
2022cprize-24nb,2022,40,10,71,121
2022cprize-25nb,2022,42,10,118,170
2022cprize-26nb,2022,29,9,37,75
2022cprize-27nb,2022,48,10,85,143
2022cprize-28nb,2022,104,14,175,293
2022cprize-29nb,2022,110,45,138,293
2022cprize-30nb,2022,79,13,95,187
2022cprize-31nb,2022,24,7,38,69
2023cprize-01nb,2023,69,23,88,180
2023cprize-02nb,2023,75,22,94,191
2023cprize-03nb,2023,97,18,79,194
2023cprize-04nb,2023,30,9,56,95
2023cprize-05nb,2023,105,26,122,253
2023cprize-06nb,2023,98,29,130,257
2023cprize-07nb,2023,102,20,123,245
2023cprize-08nb,2023,64,11,115,190
2023cprize-09nb,2023,72,15,107,194
2023cprize-10nb,2023,91,8,85,184
2023cprize-11nb,2023,73,12,86,171
2023cprize-12nb,2023,85,14,90,189
2023cprize-13nb,2023,61,28,101,190
2023cprize-14nb,2023,30,7,34,71
2023cprize-15nb,2023,52,20,76,148
2023cprize-16nb,2023,66,15,170,251
2023cprize-17nb,2023,43,27,71,141
2023cprize-18nb,2023,56,38,103,197
2023cprize-19nb,2023,32,24,76,132
2023cprize-20nb,2023,59,18,110,187
2023cprize-21nb,2023,57,9,80,146
2023cprize-22nb,2023,43,12,102,157
2023cprize-23nb,2023,44,6,66,116
2023cprize-24nb,2023,8,2,25,35
2023cprize-25nb,2023,10,1,13,24
2023cprize-26nb,2023,58,14,102,174
2023cprize-27nb,2023,61,12,88,161
2023cprize-28nb,2023,58,14,78,150
2023cprize-29nb,2023,63,12,85,160
2023cprize-30nb,2023,92,9,89,190
2023cprize-31nb,2023,94,28,133,255
2023cprize-32nb,2023,33,15,84,132
2023cprize-33nb,2023,67,8,89,164
2023cprize-34nb,2023,134,35,143,312
2023cprize-35nb,2023,38,23,117,178
2023cprize-36nb,2023,63,24,103,190
2023cprize-37nb,2023,80,38,122,240
2023cprize-38nb,2023,34,7,33,74
2023cprize-39nb,2023,59,19,103,181
2023cprize-40nb,2023,58,11,93,162
2023cprize-41nb,2023,91,39,131,261
2024cprize-01nb,2024,91,11,128,230
2024cprize-02nb,2024,59,10,96,165
2024cprize-03nb,2024,27,7,39,73
2024cprize-04nb,2024,58,12,137,207
2024cprize-05nb,2024,94,28,153,275
2024cprize-06nb,2024,88,16,112,216
2024cprize-07nb,2024,101,30,138,269
2024cprize-08nb,2024,81,12,127,220
2024cprize-09nb,2024,82,12,105,199
2024cprize-10nb,2024,51,17,78,146
2024cprize-11nb,2024,47,11,90,148
2024cprize-12nb,2024,57,13,124,194
2024cprize-13nb,2024,32,8,54,94
2024cprize-14nb,2024,68,13,108,189
2024cprize-15nb,2024,38,11,68,117
2024cprize-16nb,2024,53,10,94,157
2024cprize-17nb,2024,56,14,122,192
2024cprize-18nb,2024,113,18,167,298
2024cprize-19nb,2024,97,16,109,222
2024cprize-20nb,2024,57,10,110,177
2024cprize-21nb,2024,60,6,102,168
2024cprize-22nb,2024,59,9,75,143
2024cprize-23nb,2024,57,23,112,192
2024cprize-24nb,2024,75,11,111,197
2024cprize-25nb,2024,37,7,43,87
2024cprize-26nb,2024,35,7,37,79
2024cprize-27nb,2024,82,20,154,256
2024cprize-28nb,2024,93,16,106,215
2024cprize-29nb,2024,23,13,58,94
2024cprize-30nb,2024,52,8,73,133
2024cprize-31nb,2024,80,13,97,190
2024cprize-32nb,2024,260,88,499,847
2024cprize-33nb,2024,32,5,37,74
2024cprize-34nb,2024,93,14,146,253
2024cprize-35nb,2024,64,11,108,183
2024cprize-36nb,2024,65,19,132,216
2024cprize-37nb,2024,69,19,113,201
2024cprize-38nb,2024,70,9,88,167
2024cprize-39nb,2024,40,16,69,125
2024cprize-40nb,2024,76,19,141,236
2024cprize-41nb,2024,42,5,85,132
2024cprize-42nb,2024,58,9,56,123
2024cprize-43nb,2024,10,0,17,27
2025cprize-01nb,2025,44,20,59,123
2025cprize-02nb,2025,64,18,90,172
2025cprize-03nb,2025,72,19,118,209
2025cprize-04nb,2025,65,13,84,162
2025cprize-05nb,2025,73,12,133,218
2025cprize-06nb,2025,74,18,120,212
2025cprize-07nb,2025,67,24,92,183
2025cprize-08nb,2025,58,6,113,177
2025cprize-09nb,2025,41,9,67,117
2025cprize-10nb,2025,84,16,95,195
2025cprize-11nb,2025,61,5,143,209
2025cprize-12nb,2025,43,8,79,130
2025cprize-13nb,2025,44,22,101,167
2025cprize-14nb,2025,58,19,103,180
2025cprize-15nb,2025,51,11,96,158
2025cprize-16nb,2025,72,28,113,213
2025cprize-17nb,2025,54,18,128,200
2025cprize-18nb,2025,55,9,79,143
2025cprize-19nb,2025,62,9,151,222
2025cprize-20nb,2025,63,15,123,201
2025cprize-21nb,2025,101,17,104,222
2025cprize-22nb,2025,60,5,123,188
2025cprize-23nb,2025,75,24,85,184
2025cprize-24nb,2025,61,14,70,145
2025cprize-25nb,2025,64,14,85,163
2025cprize-26nb,2025,78,6,139,223
2025cprize-27nb,2025,114,18,167,299
2025cprize-28nb,2025,46,8,63,117
2025cprize-29nb,2025,87,15,133,235
2025cprize-30nb,2025,40,5,50,95
2025cprize-31nb,2025,28,3,50,81
2025cprize-32nb,2025,88,13,113,214
2025cprize-33nb,2025,82,16,168,266
2025cprize-34nb,2025,12,1,15,28
2025cprize-35nb,2025,45,11,46,102
2025cprize-36nb,2025,30,5,53,88
2026cprize-01nb,2026,64,9,113,186
2026cprize-02nb,2026,57,20,114,191
2026cprize-03nb,2026,59,12,79,150
2026cprize-04nb,2026,83,19,134,236
2026cprize-05nb,2026,61,15,75,151
2026cprize-06nb,2026,51,12,89,152
2026cprize-07nb,2026,55,6,123,184
2026cprize-08nb,2026,60,19,104,183
2026cprize-09nb,2026,71,14,109,194
2026cprize-10nb,2026,97,8,134,239
2026cprize-11nb,2026,72,22,109,203
2026cprize-12nb,2026,106,13,135,254
2026cprize-13nb,2026,61,8,69,138
2026cprize-14nb,2026,61,21,72,154
2026cprize-15nb,2026,65,15,113,193
2026cprize-16nb,2026,74,15,88,177
2026cprize-17nb,2026,93,18,125,236
2026cprize-18nb,2026,53,17,72,142
2026cprize-19nb,2026,60,9,92,161
2026cprize-20nb,2026,100,10,122,232
2026cprize-21nb,2026,97,19,114,230
2026cprize-22nb,2026,89,14,113,216
2026cprize-23nb,2026,71,18,129,218
2026cprize-24nb,2026,53,9,124,186
2026cprize-25nb,2026,54,10,168,232
2026cprize-26nb,2026,24,8,82,114
2026cprize-27nb,2026,90,17,151,258
2026cprize-28nb,2026,89,14,109,212
2026cprize-29nb,2026,56,11,94,161
2026cprize-30nb,2026,51,17,86,154
2026cprize-31nb,2026,87,26,129,242
2026cprize-32nb,2026,17,2,30,49
2026cprize-33nb,2026,91,19,208,318
2026cprize-34nb,2026,61,10,90,161
2026cprize-35nb,2026,67,11,76,154
2026cprize-36nb,2026,57,8,95,160
2026cprize-37nb,2026,100,10,143,253
2026cprize-38nb,2026,47,2,93,142
2026cprize-39nb,2026,37,4,72,113
2026cprize-40nb,2026,64,16,86,166
2026cprize-41nb,2026,47,5,46,98
2026cprize-42nb,2026,33,1,52,86
2026cprize-43nb,2026,74,30,153,257
2026cprize-44nb,2026,69,9,103,181
2026cprize-45nb,2026,81,15,120,216
2026cprize-46nb,2026,65,12,99,176
2026cprize-47nb,2026,72,30,115,217
2026cprize-48nb,2026,41,9,52,102
2026cprize-49nb,2026,64,8,150,222
2026cprize-50nb,2026,65,21,121,207
2026cprize-51nb,2026,59,6,118,183
2026cprize-52nb,2026,42,6,65,113
2026cprize-53nb,2026,77,24,117,218
2026cprize-54nb,2026,47,5,83,135
2026cprize-55nb,2026,82,12,99,193
2026cprize-56nb,2026,69,19,102,190
2026cprize-57nb,2026,77,20,120,217
2026cprize-58nb,2026,61,14,110,185
2026cprize-59nb,2026,112,23,155,290
2026cprize-60nb,2026,51,7,121,179
2026cprize-61nb,2026,71,13,119,203
2026cprize-62nb,2026,78,21,150,249
2026cprize-63nb,2026,49,18,104,171
2026cprize-64nb,2026,42,7,66,115
2026cprize-65nb,2026,46,7,81,134
2026cprize-66nb,2026,73,22,116,211
