verb_category,keyword_category,co_occur_sentences,verb_category_sentences,keyword_category_sentences,total_sentences,pct_of_verb_category_sentences,pct_of_keyword_category_sentences,pmi,G2,p_label,scored
positioning,theory,1187,2472,8541,30573,48.0,13.9,0.781,490.52,p < 0.0001,True
positioning,universal,991,2472,6522,30573,40.1,15.2,0.91,490.1,p < 0.0001,True
doing,architecture,2521,4365,13623,30573,57.8,18.5,0.374,356.78,p < 0.0001,True
doing,universal,1414,4365,6522,30573,32.4,21.7,0.603,341.19,p < 0.0001,True
doing,material,1122,4365,4832,30573,25.7,23.2,0.702,335.2,p < 0.0001,True
knowledge,theory,1714,4336,8541,30573,39.5,20.1,0.501,318.69,p < 0.0001,True
doing,quantification,1119,4365,4906,30573,25.6,22.8,0.676,312.1,p < 0.0001,True
knowledge,architecture,2469,4336,13623,30573,56.9,18.1,0.354,311.67,p < 0.0001,True
doing,theory,1714,4365,8541,30573,39.3,20.1,0.491,307.13,p < 0.0001,True
collaborating,theory,726,1554,8541,30573,46.7,8.5,0.742,261.28,p < 0.0001,True
doing,local,1118,4365,5131,30573,25.6,21.8,0.61,258.39,p < 0.0001,True
positioning,architecture,1480,2472,13623,30573,59.9,10.9,0.426,253.73,p < 0.0001,True
positioning,problem,550,2472,3546,30573,22.2,15.5,0.94,247.73,p < 0.0001,True
knowledge,universal,1322,4336,6522,30573,30.5,20.3,0.515,234.77,p < 0.0001,True
positioning,local,705,2472,5131,30573,28.5,13.7,0.765,232.17,p < 0.0001,True
doing,land,1224,4365,5932,30573,28.0,20.6,0.531,224.68,p < 0.0001,True
positioning,land,776,2472,5932,30573,31.4,13.1,0.694,220.7,p < 0.0001,True
doing,representation,635,4365,2585,30573,14.5,24.6,0.783,211.61,p < 0.0001,True
doing,problem,786,4365,3546,30573,18.0,22.2,0.635,182.76,p < 0.0001,True
positioning,solution,572,2472,4221,30573,23.1,13.6,0.745,171.47,p < 0.0001,True
questioning,universal,400,1027,6522,30573,38.9,6.1,0.869,170.35,p < 0.0001,True
positioning,material,631,2472,4832,30573,25.5,13.1,0.692,168.92,p < 0.0001,True
positioning,quantification,638,2472,4906,30573,25.8,13.0,0.686,168.56,p < 0.0001,True
knowledge,quantification,992,4336,4906,30573,22.9,20.2,0.512,161.35,p < 0.0001,True
doing,economic,691,4365,3114,30573,15.8,22.2,0.636,158.49,p < 0.0001,True
collaborating,architecture,922,1554,13623,30573,59.3,6.8,0.413,143.68,p < 0.0001,True
questioning,problem,250,1027,3546,30573,24.3,7.1,1.07,134.48,p < 0.0001,True
knowledge,local,998,4336,5131,30573,23.0,19.5,0.456,130.91,p < 0.0001,True
environment_negative,material,202,580,4832,30573,34.8,4.2,1.14,128.66,p < 0.0001,True
questioning,material,301,1027,4832,30573,29.3,6.2,0.891,122.88,p < 0.0001,True
positioning,economic,423,2472,3114,30573,17.1,13.6,0.748,121.64,p < 0.0001,True
questioning,theory,449,1027,8541,30573,43.7,5.3,0.646,120.85,p < 0.0001,True
environment_positive,problem,164,595,3546,30573,27.6,4.6,1.249,115.19,p < 0.0001,True
environment_negative,land,222,580,5932,30573,38.3,3.7,0.98,113.2,p < 0.0001,True
knowledge,problem,718,4336,3546,30573,16.6,20.2,0.514,110.98,p < 0.0001,True
environment_positive,universal,236,595,6522,30573,39.7,3.6,0.895,104.63,p < 0.0001,True
environment_negative,problem,156,580,3546,30573,26.9,4.4,1.213,103.88,p < 0.0001,True
collaborating,universal,491,1554,6522,30573,31.6,7.5,0.567,93.77,p < 0.0001,True
environment_negative,economic,137,580,3114,30573,23.6,4.4,1.214,89.15,p < 0.0001,True
environment_positive,material,185,595,4832,30573,31.1,3.8,0.976,88.14,p < 0.0001,True
environment_negative,universal,222,580,6522,30573,38.3,3.4,0.843,87.81,p < 0.0001,True
environment_positive,local,192,595,5131,30573,32.3,3.7,0.943,87.12,p < 0.0001,True
doing,solution,804,4365,4221,30573,18.4,19.0,0.416,85.01,p < 0.0001,True
knowledge,land,1066,4336,5932,30573,24.6,18.0,0.342,82.5,p < 0.0001,True
questioning,land,319,1027,5932,30573,31.1,5.4,0.679,82.08,p < 0.0001,True
environment_positive,economic,135,595,3114,30573,22.7,4.3,1.155,80.36,p < 0.0001,True
collaborating,solution,340,1554,4221,30573,21.9,8.1,0.664,78.91,p < 0.0001,True
knowledge,solution,787,4336,4221,30573,18.2,18.6,0.395,75.07,p < 0.0001,True
knowledge,material,882,4336,4832,30573,20.3,18.3,0.364,73.74,p < 0.0001,True
knowledge,representation,518,4336,2585,30573,11.9,20.0,0.499,72.71,p < 0.0001,True
knowledge,economic,601,4336,3114,30573,13.9,19.3,0.444,69.0,p < 0.0001,True
environment_positive,land,198,595,5932,30573,33.3,3.3,0.778,65.08,p < 0.0001,True
environment_positive,architecture,362,595,13623,30573,60.8,2.7,0.449,64.73,p < 0.0001,True
built_environment,local,144,447,5131,30573,32.2,2.8,0.941,64.64,p < 0.0001,True
collaborating,land,428,1554,5932,30573,27.5,7.2,0.505,63.66,p < 0.0001,True
collaborating,local,380,1554,5131,30573,24.5,7.4,0.543,62.54,p < 0.0001,True
collaborating,quantification,366,1554,4906,30573,23.6,7.5,0.554,61.86,p < 0.0001,True
questioning,economic,184,1027,3114,30573,17.9,5.9,0.815,58.43,p < 0.0001,True
built_environment,land,155,447,5932,30573,34.7,2.6,0.838,58.29,p < 0.0001,True
questioning,local,262,1027,5131,30573,25.5,5.1,0.604,51.86,p < 0.0001,True
questioning,architecture,569,1027,13623,30573,55.4,4.2,0.314,50.21,p < 0.0001,True
positioning,representation,303,2472,2585,30573,12.3,11.7,0.536,45.13,p < 0.0001,True
environment_negative,local,160,580,5131,30573,27.6,3.1,0.717,43.16,p < 0.0001,True
built_environment,material,121,447,4832,30573,27.1,2.5,0.776,37.21,p < 0.0001,True
environment_positive,theory,232,595,8541,30573,39.0,2.7,0.481,34.52,p < 0.0001,True
built_environment,universal,148,447,6522,30573,33.1,2.3,0.634,33.69,p < 0.0001,True
environment_positive,quantification,149,595,4906,30573,25.0,3.0,0.642,32.24,p < 0.0001,True
environment_positive,solution,132,595,4221,30573,22.2,3.1,0.684,31.22,p < 0.0001,True
environment_negative,theory,221,580,8541,30573,38.1,2.6,0.448,28.57,p < 0.0001,True
questioning,quantification,228,1027,4906,30573,22.2,4.6,0.468,27.38,p < 0.0001,True
collaborating,representation,188,1554,2585,30573,12.1,7.3,0.517,25.21,p < 0.0001,True
collaborating,economic,212,1554,3114,30573,13.6,6.8,0.422,19.65,p < 0.0001,True
collaborating,problem,234,1554,3546,30573,15.1,6.6,0.377,17.75,p < 0.0001,True
built_environment,economic,74,447,3114,30573,16.6,2.4,0.701,17.31,p < 0.0001,True
collaborating,material,300,1554,4832,30573,19.3,6.2,0.289,14.31,p < 0.001,True
built_environment,architecture,236,447,13623,30573,52.8,1.7,0.245,12.37,p < 0.001,True
environment_negative,architecture,294,580,13623,30573,50.7,2.2,0.186,8.94,p < 0.01,True
environment_negative,quantification,119,580,4906,30573,20.5,2.4,0.355,8.21,p < 0.01,True
questioning,representation,108,1027,2585,30573,10.5,4.2,0.315,5.46,p < 0.05,True
built_environment,problem,66,447,3546,30573,14.8,1.9,0.348,4.13,p < 0.05,True
environment_negative,representation,63,580,2585,30573,10.9,2.4,0.361,4.1,p < 0.05,True
built_environment,theory,144,447,8541,30573,32.2,1.7,0.206,4.01,p < 0.05,True
environment_positive,representation,60,595,2585,30573,10.1,2.3,0.254,1.97,not significant,True
built_environment,quantification,79,447,4906,30573,17.7,1.6,0.139,0.87,not significant,True
built_environment,representation,33,447,2585,30573,7.4,1.3,-0.196,0.7,not significant,True
questioning,solution,150,1027,4221,30573,14.6,3.6,0.081,0.56,not significant,True
environment_negative,solution,86,580,4221,30573,14.8,2.0,0.103,0.51,not significant,True
built_environment,solution,62,447,4221,30573,13.9,1.5,0.007,0.0,not significant,True
